url_path,views_total,views_unique
/OSU-Nowlab/Flover,8,4
/OSU-Nowlab/Flover/tree/main/src/flover,8,1
/OSU-Nowlab/Flover/tree/main,3,1
/OSU-Nowlab/Flover/tree/main/src/flover/kernels,3,1
/OSU-Nowlab/Flover/tree/main/src/flover/tensorrt_plugin,3,1
/OSU-Nowlab/Flover/blob/ea6f41e1f2363610f6f91e42cf1fa9ba12235444/src/flover/kernels/layernorm_fp8_kernels.cu,1,1
/OSU-Nowlab/Flover/blob/ea6f41e1f2363610f6f91e42cf1fa9ba12235444/src/flover/kernels/layernorm_fp8_kernels_test.cc,1,1
/OSU-Nowlab/Flover/blob/ea6f41e1f2363610f6f91e42cf1fa9ba12235444/src/flover/utils/cuda_fp8_utils.h,1,1
/OSU-Nowlab/Flover/blob/main/examples/tensorrt/vit/infer_visiontransformer_plugin.py,1,1
/OSU-Nowlab/Flover/blob/main/src/flover/kernels/image_merge_kernels.cu,1,1
